symbol,name,sector
A,AGILENT TECHNOLOGIES INC,Health Care
AA,ALCOA CORP,Materials
AAL,AMERICAN AIRLINES GROUP INC,Industrials
AAON,AAON INC,Industrials
AAPL,APPLE INC,Information Technology
ABBV,ABBVIE INC,Health Care
ABNB,AIRBNB INC CLASS A,Consumer Discretionary
ABT,ABBOTT LABORATORIES,Health Care
ACGL,ARCH CAPITAL GROUP LTD,Financials
ACHC,ACADIA HEALTHCARE COMPANY INC,Health Care
ACI,ALBERTSONS COMPANY INC CLASS A,Consumer Staples
ACM,AECOM,Industrials
ACN,ACCENTURE PLC CLASS A,Information Technology
ADBE,ADOBE INC,Information Technology
ADC,AGREE REALTY REIT CORP,Real Estate
ADI,ANALOG DEVICES INC,Information Technology
ADM,ARCHER DANIELS MIDLAND,Consumer Staples
ADP,AUTOMATIC DATA PROCESSING INC,Industrials
ADSK,AUTODESK INC,Information Technology
ADT,ADT INC,Consumer Discretionary
AEE,AMEREN CORP,Utilities
AEP,AMERICAN ELECTRIC POWER INC,Utilities
AES,AES CORP,Utilities
AFG,AMERICAN FINANCIAL GROUP INC,Financials
AFL,AFLAC INC,Financials
AFRM,AFFIRM HOLDINGS INC CLASS A,Financials
AGCO,AGCO CORP,Industrials
AGNC,AGNC INVESTMENT REIT CORP,Financials
AGO,ASSURED GUARANTY LTD,Financials
AIG,AMERICAN INTERNATIONAL GROUP INC,Financials
AIT,APPLIED INDUSTRIAL TECHNOLOGIES IN,Industrials
AIZ,ASSURANT INC,Financials
AJG,ARTHUR J GALLAGHER,Financials
AKAM,AKAMAI TECHNOLOGIES INC,Information Technology
ALAB,ASTERA LABS INC,Information Technology
ALB,ALBEMARLE CORP,Materials
ALGM,ALLEGRO MICROSYSTEMS INC,Information Technology
ALGN,ALIGN TECHNOLOGY INC,Health Care
ALK,ALASKA AIR GROUP INC,Industrials
ALL,ALLSTATE CORP,Financials
ALLE,ALLEGION PLC,Industrials
ALLY,ALLY FINANCIAL INC,Financials
ALNY,ALNYLAM PHARMACEUTICALS INC,Health Care
ALSN,ALLISON TRANSMISSION HOLDINGS INC,Industrials
AM,ANTERO MIDSTREAM CORP,Energy
AMAT,APPLIED MATERIAL INC,Information Technology
AMCR,AMCOR PLC,Materials
AMD,ADVANCED MICRO DEVICES INC,Information Technology
AME,AMETEK INC,Industrials
AMG,AFFILIATED MANAGERS GROUP INC,Financials
AMGN,AMGEN INC,Health Care
AMH,AMERICAN HOMES RENT REIT CLASS A,Real Estate
AMKR,AMKOR TECHNOLOGY INC,Information Technology
AMP,AMERIPRISE FINANCE INC,Financials
AMT,AMERICAN TOWER REIT CORP,Real Estate
AMTM,AMENTUM HOLDINGS INC,Industrials
AMZN,AMAZON.COM INC,Consumer Discretionary
AN,AUTONATION INC,Consumer Discretionary
ANET,ARISTA NETWORKS INC,Information Technology
AON,AON PLC CLASS A,Financials
AOS,A O SMITH CORP,Industrials
APA,APA CORP,Energy
APD,AIR PRODUCTS AND CHEMICALS INC,Materials
APG,API GROUP CORP,Industrials
APH,AMPHENOL CORP CLASS A,Information Technology
APO,APOLLO GLOBAL MANAGEMENT INC,Financials
APP,APPLOVIN CORP CLASS A,Information Technology
APPF,APPFOLIO INC CLASS A,Information Technology
APTV,APTIV PLC,Consumer Discretionary
AR,ANTERO RESOURCES CORP,Energy
ARE,ALEXANDRIA REAL ESTATE EQUITIES RE,Real Estate
ARES,ARES MANAGEMENT CORP CLASS A,Financials
ARMK,ARAMARK,Consumer Discretionary
ARW,ARROW ELECTRONICS INC,Information Technology
AS,AMER SPORTS INC,Consumer Discretionary
ASH,ASHLAND INC,Materials
ASTS,AST SPACEMOBILE INC CLASS A,Communication
ATI,ATI INC,Industrials
ATO,ATMOS ENERGY CORP,Utilities
ATR,APTARGROUP INC,Materials
AU,ANGLOGOLD ASHANTI PLC,Materials
AUR,AURORA INNOVATION INC CLASS A,Information Technology
AVB,AVALONBAY COMMUNITIES REIT INC,Real Estate
AVGO,BROADCOM INC,Information Technology
AVT,AVNET INC,Information Technology
AVTR,AVANTOR INC,Health Care
AVY,AVERY DENNISON CORP,Materials
AWI,ARMSTRONG WORLD INDUSTRIES INC,Industrials
AWK,AMERICAN WATER WORKS INC,Utilities
AXON,AXON ENTERPRISE INC,Industrials
AXP,AMERICAN EXPRESS,Financials
AXS,AXIS CAPITAL HOLDINGS LTD,Financials
AXTA,AXALTA COATING SYSTEMS LTD,Materials
AYI,ACUITY INC,Industrials
AZO,AUTOZONE INC,Consumer Discretionary
BA,BOEING,Industrials
BAC,BANK OF AMERICA CORP,Financials
BAH,BOOZ ALLEN HAMILTON HOLDING CORP C,Industrials
BALL,BALL CORP,Materials
BAM,BROOKFIELD ASSET MANAGEMENT VOTING,Financials
BAX,BAXTER INTERNATIONAL INC,Health Care
BBWI,BATH AND BODY WORKS INC,Consumer Discretionary
BBY,BEST BUY INC,Consumer Discretionary
BC,BRUNSWICK CORP,Consumer Discretionary
BDX,BECTON DICKINSON,Health Care
BEN,FRANKLIN RESOURCES INC,Financials
BEPC,BROOKFIELD RENEWABLE SUBORDINATE V,Utilities
BFAM,BRIGHT HORIZONS FAMILY SOLUTIONS I,Consumer Discretionary
BF_A,BROWN FORMAN CORP CLASS A,Consumer Staples
BF_B,BROWN FORMAN CORP CLASS B,Consumer Staples
BG,BUNGE GLOBAL SA,Consumer Staples
BHF,BRIGHTHOUSE FINANCIAL INC,Financials
BIIB,BIOGEN INC,Health Care
BILL,BILL HOLDINGS INC,Information Technology
BIO,BIO RAD LABORATORIES INC CLASS A,Health Care
BIRK,BIRKENSTOCK HOLDING PLC,Consumer Discretionary
BJ,BJS WHOLESALE CLUB HOLDINGS INC,Consumer Staples
BKNG,BOOKING HOLDINGS INC,Consumer Discretionary
BKR,BAKER HUGHES CLASS A,Energy
BLD,TOPBUILD CORP,Consumer Discretionary
BLDR,BUILDERS FIRSTSOURCE INC,Industrials
BLK,BLACKROCK INC,Financials
BLSH,BULLISH,Financials
BMRN,BIOMARIN PHARMACEUTICAL INC,Health Care
BMY,BRISTOL MYERS SQUIBB,Health Care
BNY,BANK OF NEW YORK MELLON CORP,Financials
BOKF,BOK FINANCIAL CORP,Financials
BPOP,POPULAR INC,Financials
BR,BROADRIDGE FINANCIAL SOLUTIONS INC,Industrials
BRBR,BELLRING BRANDS INC,Consumer Staples
BRKR,BRUKER CORP,Health Care
BRK_B,BERKSHIRE HATHAWAY INC CLASS B,Financials
BRO,BROWN & BROWN INC,Financials
BROS,DUTCH BROS INC CLASS A,Consumer Discretionary
BRX,BRIXMOR PROPERTY GROUP REIT INC,Real Estate
BSX,BOSTON SCIENTIFIC CORP,Health Care
BSY,BENTLEY SYSTEMS INC CLASS B,Information Technology
BURL,BURLINGTON STORES INC,Consumer Discretionary
BWA,BORGWARNER INC,Consumer Discretionary
BWXT,BWX TECHNOLOGIES INC,Industrials
BX,BLACKSTONE INC,Financials
BXP,BXP INC,Real Estate
BYD,BOYD GAMING CORP,Consumer Discretionary
C,CITIGROUP INC,Financials
CACC,CREDIT ACCEPTANCE CORP,Financials
CACI,CACI INTERNATIONAL INC CLASS A,Industrials
CAG,CONAGRA BRANDS INC,Consumer Staples
CAH,CARDINAL HEALTH INC,Health Care
CAI,CARIS LIFE SCIENCES INC,Health Care
CAR,AVIS BUDGET GROUP INC,Industrials
CARR,CARRIER GLOBAL CORP,Industrials
CART,MAPLEBEAR INC,Consumer Staples
CASY,CASEYS GENERAL STORES INC,Consumer Staples
CAT,CATERPILLAR INC,Industrials
CAVA,CAVA GROUP INC,Consumer Discretionary
CB,CHUBB,Financials
CBC,CENTRAL BANCOMPANY INC CLASS A,Financials
CBOE,CBOE GLOBAL MARKETS INC,Financials
CBRE,CBRE GROUP INC CLASS A,Real Estate
CBSH,COMMERCE BANCSHARES INC,Financials
CCC,CCC INTELLIGENT SOLUTIONS HOLDINGS,Information Technology
CCI,CROWN CASTLE INC,Real Estate
CCK,CROWN HOLDINGS INC,Materials
CCL,CARNIVAL CORP LTD,Consumer Discretionary
CDNS,CADENCE DESIGN SYSTEMS INC,Information Technology
CDW,CDW CORP,Information Technology
CE,CELANESE CORP,Materials
CEG,CONSTELLATION ENERGY CORP,Utilities
CELH,CELSIUS HOLDINGS INC,Consumer Staples
CERT,CERTARA INC,Health Care
CF,CF INDUSTRIES HOLDINGS INC,Materials
CFG,CITIZENS FINANCIAL GROUP INC,Financials
CFR,CULLEN FROST BANKERS INC,Financials
CG,CARLYLE GROUP INC,Financials
CGNX,COGNEX CORP,Information Technology
CHD,CHURCH AND DWIGHT INC,Consumer Staples
CHDN,CHURCHILL DOWNS INC,Consumer Discretionary
CHE,CHEMED CORP,Health Care
CHH,CHOICE HOTELS INTERNATIONAL INC,Consumer Discretionary
CHRD,CHORD ENERGY CORP,Energy
CHRW,CH ROBINSON WORLDWIDE INC,Industrials
CHTR,CHARTER COMMUNICATIONS INC CLASS A,Communication
CHWY,CHEWY INC CLASS A,Consumer Discretionary
CI,CIGNA,Health Care
CIEN,CIENA CORP,Information Technology
CINF,CINCINNATI FINANCIAL CORP,Financials
CL,COLGATE-PALMOLIVE,Consumer Staples
CLF,CLEVELAND CLIFFS INC,Materials
CLH,CLEAN HARBORS INC,Industrials
CLVT,CLARIVATE PLC,Industrials
CLX,CLOROX,Consumer Staples
CMCSA,COMCAST CORP CLASS A,Communication
CME,CME GROUP INC CLASS A,Financials
CMG,CHIPOTLE MEXICAN GRILL INC,Consumer Discretionary
CMI,CUMMINS INC,Industrials
CMS,CMS ENERGY CORP,Utilities
CNA,CNA FINANCIAL CORP,Financials
CNC,CENTENE CORP,Health Care
CNH,CNH INDUSTRIAL N.V. NV,Industrials
CNM,CORE & MAIN INC CLASS A,Industrials
CNP,CENTERPOINT ENERGY INC,Utilities
CNXC,CONCENTRIX CORP,Industrials
COF,CAPITAL ONE FINANCIAL CORP,Financials
COHR,COHERENT CORP,Information Technology
COIN,COINBASE GLOBAL INC CLASS A,Financials
COKE,COCA COLA CONSOLIDATED INC,Consumer Staples
COLB,COLUMBIA BANKING SYSTEM INC,Financials
COLD,AMERICOLD REALTY INC TRUST,Real Estate
COLM,COLUMBIA SPORTSWEAR,Consumer Discretionary
COO,COOPER INC,Health Care
COP,CONOCOPHILLIPS,Energy
COR,CENCORA INC,Health Care
CORT,CORCEPT THERAPEUTICS INC,Health Care
COST,COSTCO WHOLESALE CORP,Consumer Staples
COTY,COTY INC CLASS A,Consumer Staples
CPAY,CORPAY INC,Financials
CPB,CAMPBELL SOUP,Consumer Staples
CPNG,COUPANG INC CLASS A,Consumer Discretionary
CPRT,COPART INC,Industrials
CPT,CAMDEN PROPERTY TRUST REIT,Real Estate
CR,CRANE,Industrials
CRBG,COREBRIDGE FINANCIAL INC,Financials
CRCL,CIRCLE INTERNET GROUP INC CLASS A,Information Technology
CRH,CRH PUBLIC LIMITED PLC,Materials
CRL,CHARLES RIVER LABORATORIES INTERNA,Health Care
CRM,SALESFORCE INC,Information Technology
CROX,CROCS INC,Consumer Discretionary
CRS,CARPENTER TECHNOLOGY CORP,Industrials
CRUS,CIRRUS LOGIC INC,Information Technology
CRWD,CROWDSTRIKE HOLDINGS INC CLASS A,Information Technology
CSCO,CISCO SYSTEMS INC,Information Technology
CSGP,COSTAR GROUP INC,Real Estate
CSL,CARLISLE COMPANIES INC,Industrials
CSX,CSX CORP,Industrials
CTAS,CINTAS CORP,Industrials
CTSH,COGNIZANT TECHNOLOGY SOLUTIONS COR,Information Technology
CTVA,CORTEVA INC,Materials
CUBE,CUBESMART REIT,Real Estate
CUZ,COUSINS PROPERTIES REIT INC,Real Estate
CVNA,CARVANA CLASS A,Consumer Discretionary
CVS,CVS HEALTH CORP,Health Care
CVX,CHEVRON CORP,Energy
CW,CURTISS WRIGHT CORP,Industrials
CWEN,CLEARWAY ENERGY INC CLASS C,Utilities
CXT,CRANE NXT,Information Technology
CZR,CAESARS ENTERTAINMENT INC,Consumer Discretionary
D,DOMINION ENERGY INC,Utilities
DAL,DELTA AIR LINES INC,Industrials
DAR,DARLING INGREDIENTS INC,Consumer Staples
DASH,DOORDASH INC CLASS A,Consumer Discretionary
DBX,DROPBOX INC CLASS A,Information Technology
DCI,DONALDSON INC,Industrials
DD,DUPONT DE NEMOURS INC,Materials
DDOG,DATADOG INC CLASS A,Information Technology
DDS,DILLARDS INC CLASS A,Consumer Discretionary
DE,DEERE,Industrials
DECK,DECKERS OUTDOOR CORP,Consumer Discretionary
DELL,DELL TECHNOLOGIES INC CLASS C,Information Technology
DG,DOLLAR GENERAL CORP,Consumer Staples
DGX,QUEST DIAGNOSTICS INC,Health Care
DHI,D R HORTON INC,Consumer Discretionary
DHR,DANAHER CORP,Health Care
DINO,HF SINCLAIR CORP,Energy
DIS,WALT DISNEY,Communication
DJT,TRUMP MEDIA TECHNOLOGY GROUP CORP,Communication
DKNG,DRAFTKINGS INC CLASS A,Consumer Discretionary
DKS,DICKS SPORTING INC,Consumer Discretionary
DLB,DOLBY LABORATORIES INC CLASS A,Information Technology
DLR,DIGITAL REALTY TRUST REIT INC,Real Estate
DLTR,DOLLAR TREE INC,Consumer Staples
DOC,HEALTHPEAK PROPERTIES INC,Real Estate
DOCS,DOXIMITY INC CLASS A,Health Care
DOCU,DOCUSIGN INC,Information Technology
DOV,DOVER CORP,Industrials
DOW,DOW INC,Materials
DOX,AMDOCS LTD,Information Technology
DPZ,DOMINOS PIZZA INC,Consumer Discretionary
DRI,DARDEN RESTAURANTS INC,Consumer Discretionary
DRS,LEONARDO DRS INC,Industrials
DT,DYNATRACE INC,Information Technology
DTE,DTE ENERGY,Utilities
DTM,DT MIDSTREAM INC,Energy
DUK,DUKE ENERGY CORP,Utilities
DUOL,DUOLINGO INC CLASS A,Consumer Discretionary
DV,DOUBLEVERIFY HOLDINGS INC,Communication
DVA,DAVITA INC,Health Care
DVN,DEVON ENERGY CORP,Energy
DXC,DXC TECHNOLOGY,Information Technology
DXCM,DEXCOM INC,Health Care
EA,ELECTRONIC ARTS INC,Communication
EBAY,EBAY INC,Consumer Discretionary
ECG,EVERUS CONSTRUCTION GROUP INC,Industrials
ECL,ECOLAB INC,Materials
ED,CONSOLIDATED EDISON INC,Utilities
EEFT,EURONET WORLDWIDE INC,Financials
EFX,EQUIFAX INC,Industrials
EG,EVEREST GROUP LTD,Financials
EGP,EASTGROUP PROPERTIES REIT INC,Real Estate
EHC,ENCOMPASS HEALTH CORP,Health Care
EIX,EDISON INTERNATIONAL,Utilities
EL,ESTEE LAUDER INC CLASS A,Consumer Staples
ELAN,ELANCO ANIMAL HEALTH INC,Health Care
ELF,ELF BEAUTY INC,Consumer Staples
ELS,EQUITY LIFESTYLE PROPERTIES REIT I,Real Estate
ELV,ELEVANCE HEALTH INC,Health Care
EME,EMCOR GROUP INC,Industrials
EMN,EASTMAN CHEMICAL,Materials
EMR,EMERSON ELECTRIC,Industrials
ENPH,ENPHASE ENERGY INC,Information Technology
ENTG,ENTEGRIS INC,Information Technology
EOG,EOG RESOURCES INC,Energy
EPAM,EPAM SYSTEMS INC,Information Technology
EPR,EPR PROPERTIES REIT,Real Estate
EQH,EQUITABLE HOLDINGS INC,Financials
EQIX,EQUINIX REIT INC,Real Estate
EQR,EQUITY RESIDENTIAL REIT,Real Estate
EQT,EQT CORP,Energy
ES,EVERSOURCE ENERGY,Utilities
ESAB,ESAB CORP,Industrials
ESI,ELEMENT SOLUTIONS INC,Materials
ESS,ESSEX PROPERTY TRUST REIT INC,Real Estate
ESTC,ELASTIC NV,Information Technology
ETN,EATON PLC,Industrials
ETR,ENTERGY CORP,Utilities
ETSY,ETSY INC,Consumer Discretionary
EVR,EVERCORE INC CLASS A,Financials
EVRG,EVERGY INC,Utilities
EW,EDWARDS LIFESCIENCES CORP,Health Care
EWBC,EAST WEST BANCORP INC,Financials
EXC,EXELON CORP,Utilities
EXE,EXPAND ENERGY CORP,Energy
EXEL,EXELIXIS INC,Health Care
EXLS,EXLSERVICE HOLDINGS INC,Industrials
EXP,EAGLE MATERIALS INC,Materials
EXPD,EXPEDITORS INTERNATIONAL OF WASHIN,Industrials
EXPE,EXPEDIA GROUP INC,Consumer Discretionary
EXR,EXTRA SPACE STORAGE REIT INC,Real Estate
F,FORD MOTOR CO,Consumer Discretionary
FAF,FIRST AMERICAN FINANCIAL CORP,Financials
FANG,DIAMONDBACK ENERGY INC,Energy
FAST,FASTENAL,Industrials
FBIN,FORTUNE BRANDS INNOVATIONS INC,Industrials
FCN,FTI CONSULTING INC,Industrials
FCNCA,FIRST CITIZENS BANCSHARES INC CLAS,Financials
FCX,FREEPORT MCMORAN INC,Materials
FDS,FACTSET RESEARCH SYSTEMS INC,Financials
FDX,FEDEX CORP,Industrials
FDXF,FEDEX FREIGHT HOLDING COMPANY INC,Industrials
FE,FIRSTENERGY CORP,Utilities
FERG,FERGUSON ENTERPRISES INC,Industrials
FFIV,F5 INC,Information Technology
FHB,FIRST HAWAIIAN INC,Financials
FHN,FIRST HORIZON CORP,Financials
FICO,FAIR ISAAC CORP,Information Technology
FIGR,FIGURE TECHNOLOGY SOLUTIONS INC CL,Financials
FIS,FIDELITY NATIONAL INFORMATION SERV,Financials
FISV,FISERV INC,Financials
FITB,FIFTH THIRD BANCORP,Financials
FIVE,FIVE BELOW INC,Consumer Discretionary
FIX,COMFORT SYSTEMS USA INC,Industrials
FLEX,FLEX LTD,Information Technology
FLO,FLOWERS FOODS INC,Consumer Staples
FLS,FLOWSERVE CORP,Industrials
FLUT,FLUTTER ENTERTAINMENT PLC,Consumer Discretionary
FMC,FMC CORP,Materials
FNB,FNB CORP,Financials
FND,FLOOR DECOR HOLDINGS INC CLASS A,Consumer Discretionary
FNF,FIDELITY NATIONAL FINANCIAL INC,Financials
FOUR,SHIFT4 PAYMENTS INC CLASS A,Financials
FOX,FOX CORP CLASS B,Communication
FOXA,FOX CORP CLASS A,Communication
FR,FIRST INDUSTRIAL REALTY TRUST INC,Real Estate
FRHC,FREEDOM HOLDING CORP,Financials
FRMI,FERMI INC,Real Estate
FRPT,FRESHPET INC,Consumer Staples
FRT,FEDERAL REALTY INVESTMENT TRUST RE,Real Estate
FSLR,FIRST SOLAR INC,Information Technology
FTAI,FTAI AVIATION LTD,Industrials
FTI,TECHNIPFMC PLC,Energy
FTNT,FORTINET INC,Information Technology
FTV,FORTIVE CORP,Industrials
FWONA,LIBERTY MEDIA FORMULA ONE SERIES A,Communication
FWONK,LIBERTY MEDIA FORMULA ONE SERIES C,Communication
G,GENPACT LTD,Industrials
GAP,GAP INC,Consumer Discretionary
GD,GENERAL DYNAMICS CORP,Industrials
GDDY,GODADDY INC CLASS A,Information Technology
GE,GE AEROSPACE,Industrials
GEHC,GE HEALTHCARE TECHNOLOGIES INC,Health Care
GEN,GEN DIGITAL INC,Information Technology
GEV,GE VERNOVA INC,Industrials
GFS,GLOBALFOUNDRIES INC,Information Technology
GGG,GRACO INC,Industrials
GILD,GILEAD SCIENCES INC,Health Care
GIS,GENERAL MILLS INC,Consumer Staples
GL,GLOBE LIFE INC,Financials
GLIBA,LIBERTY CAPITAL CORP SERIES A,Communication
GLIBK,LIBERTY CAPITAL CORP SERIES C,Communication
GLOB,GLOBANT SA,Information Technology
GLPI,GAMING AND LEISURE PROPERTIES REIT,Real Estate
GLW,CORNING INC,Information Technology
GM,GENERAL MOTORS,Consumer Discretionary
GME,GAMESTOP CORP CLASS A,Consumer Discretionary
GMED,GLOBUS MEDICAL INC CLASS A,Health Care
GNRC,GENERAC HOLDINGS INC,Industrials
GNTX,GENTEX CORP,Consumer Discretionary
GOOG,ALPHABET INC CLASS C,Communication
GOOGL,ALPHABET INC CLASS A,Communication
GPC,GENUINE PARTS,Consumer Discretionary
GPK,GRAPHIC PACKAGING HOLDING,Materials
GPN,GLOBAL PAYMENTS INC,Financials
GRMN,GARMIN LTD,Consumer Discretionary
GS,GOLDMAN SACHS GROUP INC,Financials
GTES,GATES INDUSTRIAL PLC,Industrials
GTLB,GITLAB INC CLASS A,Information Technology
GTM,ZOOMINFO TECHNOLOGIES INC,Communication
GWRE,GUIDEWIRE SOFTWARE INC,Information Technology
GWW,WW GRAINGER INC,Industrials
GXO,GXO LOGISTICS INC,Industrials
H,HYATT HOTELS CORP CLASS A,Consumer Discretionary
HAL,HALLIBURTON,Energy
HALO,HALOZYME THERAPEUTICS INC,Health Care
HAS,HASBRO INC,Consumer Discretionary
HAYW,HAYWARD HOLDINGS INC,Industrials
HBAN,HUNTINGTON BANCSHARES INC,Financials
HCA,HCA HEALTHCARE INC,Health Care
HD,HOME DEPOT INC,Consumer Discretionary
HEI,HEICO CORP,Industrials
HEI_A,HEICO CORP CLASS A,Industrials
HHH,HOWARD HUGHES HOLDINGS INC,Real Estate
HIG,HARTFORD INSURANCE GROUP INC,Financials
HII,HUNTINGTON INGALLS INDUSTRIES INC,Industrials
HIW,HIGHWOODS PROPERTIES REIT INC,Real Estate
HLI,HOULIHAN LOKEY INC CLASS A,Financials
HLNE,HAMILTON LANE INC CLASS A,Financials
HLT,HILTON WORLDWIDE HOLDINGS INC,Consumer Discretionary
HOG,HARLEY DAVIDSON INC,Consumer Discretionary
HON,HONEYWELL INTERNATIONAL INC,Industrials
HOOD,ROBINHOOD MARKETS INC CLASS A,Financials
HPE,HEWLETT PACKARD ENTERPRISE,Information Technology
HPQ,HP INC,Information Technology
HR,HEALTHCARE REALTY TRUST INC CLASS,Real Estate
HRB,H&R BLOCK INC,Consumer Discretionary
HRL,HORMEL FOODS CORP,Consumer Staples
HSIC,HENRY SCHEIN INC,Health Care
HST,HOST HOTELS & RESORTS REIT INC,Real Estate
HSY,HERSHEY FOODS,Consumer Staples
HUBB,HUBBELL INC,Industrials
HUBS,HUBSPOT INC,Information Technology
HUM,HUMANA INC,Health Care
HUN,HUNTSMAN CORP,Materials
HWM,HOWMET AEROSPACE INC,Industrials
HXL,HEXCEL CORP,Industrials
IBKR,INTERACTIVE BROKERS GROUP INC CLAS,Financials
IBM,INTERNATIONAL BUSINESS MACHINES CO,Information Technology
ICE,INTERCONTINENTAL EXCHANGE INC,Financials
IDA,IDACORP INC,Utilities
IDXX,IDEXX LABORATORIES INC,Health Care
IEX,IDEX CORP,Industrials
IFF,INTERNATIONAL FLAVORS & FRAGRANCES,Materials
ILMN,ILLUMINA INC,Health Care
INCY,INCYTE CORP,Health Care
INGM,INGRAM MICRO HOLDING CORP,Information Technology
INGR,INGREDION INC,Consumer Staples
INSM,INSMED INC,Health Care
INSP,INSPIRE MEDICAL SYSTEMS INC,Health Care
INTC,INTEL CORPORATION,Information Technology
INTU,INTUIT INC,Information Technology
INVH,INVITATION HOMES INC,Real Estate
IONS,IONIS PHARMACEUTICALS INC,Health Care
IOT,SAMSARA INC CLASS A,Information Technology
IP,INTERNATIONAL PAPER,Materials
IPGP,IPG PHOTONICS CORP,Information Technology
IQV,IQVIA HOLDINGS INC,Health Care
IR,INGERSOLL RAND INC,Industrials
IRDM,IRIDIUM COMMUNICATIONS INC,Communication
IRM,IRON MOUNTAIN INC,Real Estate
ISRG,INTUITIVE SURGICAL INC,Health Care
IT,GARTNER INC,Information Technology
ITT,ITT INC,Industrials
ITW,ILLINOIS TOOL INC,Industrials
IVZ,INVESCO LTD,Financials
J,JACOBS SOLUTIONS INC,Industrials
JAZZ,JAZZ PHARMACEUTICALS PLC,Health Care
JBHT,JB HUNT TRANSPORT SERVICES INC,Industrials
JBL,JABIL INC,Information Technology
JCI,JOHNSON CONTROLS INTERNATIONAL PLC,Industrials
JEF,JEFFERIES FINANCIAL GROUP INC,Financials
JHG,JANUS HENDERSON GROUP PLC,Financials
JHX,JAMES HARDIE INDUSTRIES PLC,Materials
JKHY,JACK HENRY AND ASSOCIATES INC,Financials
JLL,JONES LANG LASALLE INC,Real Estate
JNJ,JOHNSON & JOHNSON,Health Care
JPM,JPMORGAN CHASE & CO,Financials
KBR,KBR INC,Industrials
KD,KYNDRYL HOLDINGS INC,Information Technology
KDP,KEURIG DR PEPPER INC,Consumer Staples
KEX,KIRBY CORP,Industrials
KEY,KEYCORP,Financials
KEYS,KEYSIGHT TECHNOLOGIES INC,Information Technology
KHC,KRAFT HEINZ,Consumer Staples
KIM,KIMCO REALTY REIT CORP,Real Estate
KKR,KKR AND CO INC,Financials
KLAC,KLA CORP,Information Technology
KMB,KIMBERLY CLARK CORP,Consumer Staples
KMI,KINDER MORGAN INC,Energy
KMPR,KEMPER CORP,Financials
KMX,CARMAX INC,Consumer Discretionary
KNSL,KINSALE CAPITAL GROUP INC,Financials
KNX,KNIGHT-SWIFT TRANSPORTATION HOLDIN,Industrials
KO,COCA-COLA,Consumer Staples
KR,KROGER,Consumer Staples
KRC,KILROY REALTY REIT CORP,Real Estate
KRMN,KARMAN HOLDINGS INC,Industrials
KVUE,KENVUE INC,Consumer Staples
L,LOEWS CORP,Financials
LAD,LITHIA MOTORS INC CLASS A,Consumer Discretionary
LAMR,LAMAR ADVERTISING COMPANY CLAS,Real Estate
LAZ,LAZARD INC,Financials
LBRDA,LIBERTY BROADBAND CORP SERIES A,Communication
LBRDK,LIBERTY BROADBAND CORP SERIES C,Communication
LBTYA,LIBERTY GLOBAL LTD CLASS A,Communication
LBTYK,LIBERTY GLOBAL LTD CLASS C,Communication
LCID,LUCID GROUP INC,Consumer Discretionary
LDOS,LEIDOS HOLDINGS INC,Industrials
LEA,LEAR CORP,Consumer Discretionary
LECO,LINCOLN ELECTRIC HOLDINGS INC,Industrials
LEN,LENNAR A CORP CLASS A,Consumer Discretionary
LEN_B,LENNAR CORP CLASS B,Consumer Discretionary
LFUS,LITTELFUSE INC,Information Technology
LH,LABCORP HOLDINGS INC,Health Care
LHX,L3HARRIS TECHNOLOGIES INC,Industrials
LII,LENNOX INTERNATIONAL INC,Industrials
LIN,LINDE PLC,Materials
LINE,LINEAGE INC,Real Estate
LITE,LUMENTUM HOLDINGS INC,Information Technology
LKQ,LKQ CORP,Consumer Discretionary
LLY,ELI LILLY,Health Care
LLYVA,LIBERTY LIVE HOLDINGS INC SERIES A,Consumer Discretionary
LLYVK,LIBERTY LIVE HOLDINGS INC SERIES C,Consumer Discretionary
LMT,LOCKHEED MARTIN CORP,Industrials
LNC,LINCOLN NATIONAL CORP,Financials
LNG,CHENIERE ENERGY INC,Energy
LNT,ALLIANT ENERGY CORP,Utilities
LOAR,LOAR HOLDINGS INC,Industrials
LOPE,GRAND CANYON EDUCATION INC,Consumer Discretionary
LOW,LOWES COMPANIES INC,Consumer Discretionary
LPLA,LPL FINANCIAL HOLDINGS INC,Financials
LPX,LOUISIANA PACIFIC CORP,Materials
LRCX,LAM RESEARCH CORP,Information Technology
LSCC,LATTICE SEMICONDUCTOR CORP,Information Technology
LSTR,LANDSTAR SYSTEM INC,Industrials
LULU,LULULEMON ATHLETICA INC,Consumer Discretionary
LUV,SOUTHWEST AIRLINES,Industrials
LVS,LAS VEGAS SANDS CORP,Consumer Discretionary
LW,LAMB WESTON HOLDINGS INC,Consumer Staples
LYB,LYONDELLBASELL INDUSTRIES CLASS A,Materials
LYFT,LYFT INC CLASS A,Industrials
LYV,LIVE NATION ENTERTAINMENT INC,Communication
M,MACYS INC,Consumer Discretionary
MA,MASTERCARD INC CLASS A,Financials
MAA,MID AMERICA APARTMENT COMMUNITIES,Real Estate
MAN,MANPOWER INC,Industrials
MANH,MANHATTAN ASSOCIATES INC,Information Technology
MAR,MARRIOTT INTERNATIONAL INC CLASS A,Consumer Discretionary
MAS,MASCO CORP,Industrials
MAT,MATTEL INC,Consumer Discretionary
MCD,MCDONALDS CORP,Consumer Discretionary
MCHP,MICROCHIP TECHNOLOGY INC,Information Technology
MCK,MCKESSON CORP,Health Care
MCO,MOODYS CORP,Financials
MDB,MONGODB INC CLASS A,Information Technology
MDLN,MEDLINE INC CLASS A,Health Care
MDLZ,MONDELEZ INTERNATIONAL INC CLASS A,Consumer Staples
MDT,MEDTRONIC PLC,Health Care
MDU,MDU RESOURCES GROUP INC,Utilities
MEDP,MEDPACE HOLDINGS INC,Health Care
MET,METLIFE INC,Financials
META,META PLATFORMS INC CLASS A,Communication
MGM,MGM RESORTS INTERNATIONAL,Consumer Discretionary
MHK,MOHAWK INDUSTRIES INC,Consumer Discretionary
MIDD,MIDDLEBY CORP,Industrials
MKC,MCCORMICK & CO NON-VOTING INC,Consumer Staples
MKL,MARKEL GROUP INC,Financials
MKSI,MKS,Information Technology
MKTX,MARKETAXESS HOLDINGS INC,Financials
MLI,MUELLER INDUSTRIES INC,Industrials
MLM,MARTIN MARIETTA MATERIALS INC,Materials
MMM,3M,Industrials
MNST,MONSTER BEVERAGE CORP,Consumer Staples
MO,ALTRIA GROUP INC,Consumer Staples
MOH,MOLINA HEALTHCARE INC,Health Care
MORN,MORNINGSTAR INC,Financials
MOS,MOSAIC,Materials
MP,MP MATERIALS CORP CLASS A,Materials
MPC,MARATHON PETROLEUM CORP,Energy
MPT,MEDICAL PROPERTIES TRUST REIT INC,Real Estate
MPWR,MONOLITHIC POWER SYSTEMS INC,Information Technology
MRK,MERCK & CO INC,Health Care
MRNA,MODERNA INC,Health Care
MRP,MILLROSE PROPERTIES INC CLASS A,Real Estate
MRSH,MARSH INC,Financials
MRVL,MARVELL TECHNOLOGY INC,Information Technology
MS,MORGAN STANLEY,Financials
MSA,MSA SAFETY INC,Industrials
MSCI,MSCI INC,Financials
MSFT,MICROSOFT CORP,Information Technology
MSGS,MADISON SQUARE GARDEN SPORTS CORP,Communication
MSI,MOTOROLA SOLUTIONS INC,Information Technology
MSM,MSC INDUSTRIAL INC CLASS A,Industrials
MSTR,STRATEGY INC CLASS A,Information Technology
MTB,M&T BANK CORP,Financials
MTCH,MATCH GROUP INC,Communication
MTD,METTLER TOLEDO INC,Health Care
MTDR,MATADOR RESOURCES,Energy
MTG,MGIC INVESTMENT CORP,Financials
MTN,VAIL RESORTS INC,Consumer Discretionary
MTSI,MACOM TECHNOLOGY SOLUTIONS INC,Information Technology
MTZ,MASTEC INC,Industrials
MU,MICRON TECHNOLOGY INC,Information Technology
MUSA,MURPHY USA INC,Consumer Discretionary
NBIX,NEUROCRINE BIOSCIENCES INC,Health Care
NCLH,NORWEGIAN CRUISE LINE HOLDINGS LTD,Consumer Discretionary
NCNO,NCINO INC,Information Technology
NDAQ,NASDAQ INC,Financials
NDSN,NORDSON CORP,Industrials
NEE,NEXTERA ENERGY INC,Utilities
NEM,NEWMONT,Materials
NET,CLOUDFLARE INC CLASS A,Information Technology
NEU,NEWMARKET CORP,Materials
NFG,NATIONAL FUEL GAS,Utilities
NFLX,NETFLIX INC,Communication
NI,NISOURCE INC,Utilities
NIQ,NIQ GLOBAL INTELLIGENCE PLC,Communication
NKE,NIKE INC CLASS B,Consumer Discretionary
NLY,ANNALY CAPITAL MANAGEMENT REIT INC,Financials
NNN,NNN REIT INC,Real Estate
NOC,NORTHROP GRUMMAN CORP,Industrials
NOV,NOV INC,Energy
NOW,SERVICENOW INC,Information Technology
NRG,NRG ENERGY INC,Utilities
NSA,NATIONAL STORAGE AFFILIATES TRUST,Real Estate
NSC,NORFOLK SOUTHERN CORP,Industrials
NTAP,NETAPP INC,Information Technology
NTNX,NUTANIX INC CLASS A,Information Technology
NTRA,NATERA INC,Health Care
NTRS,NORTHERN TRUST CORP,Financials
NU,NU HOLDINGS CLASS A,Financials
NUE,NUCOR CORP,Materials
NVDA,NVIDIA CORP,Information Technology
NVR,NVR INC,Consumer Discretionary
NVST,ENVISTA HOLDINGS CORP,Health Care
NVT,NVENT ELECTRIC PLC,Industrials
NWL,NEWELL BRANDS INC,Consumer Discretionary
NWS,NEWS CORP CLASS B,Communication
NWSA,NEWS CORP CLASS A,Communication
NXST,NEXSTAR MEDIA GROUP INC,Communication
NYT,NEW YORK TIMES CLASS A,Communication
O,REALTY INCOME REIT CORP,Real Estate
OC,OWENS CORNING,Industrials
ODFL,OLD DOMINION FREIGHT LINE INC,Industrials
OGE,OGE ENERGY CORP,Utilities
OGN,ORGANON,Health Care
OHI,OMEGA HEALTHCARE INVESTORS REIT IN,Real Estate
OKE,ONEOK INC,Energy
OKTA,OKTA INC CLASS A,Information Technology
OLED,UNIVERSAL DISPLAY CORP,Information Technology
OLLI,OLLIES BARGAIN OUTLET HOLDINGS INC,Consumer Discretionary
OLN,OLIN CORP,Materials
OMC,OMNICOM GROUP INC,Communication
OMF,ONEMAIN HOLDINGS INC,Financials
ON,ON SEMICONDUCTOR CORP,Information Technology
ONON,ON HOLDING AG CLASS A,Consumer Discretionary
ONTO,ONTO INNOVATION INC,Information Technology
ORCL,ORACLE CORP,Information Technology
ORI,OLD REPUBLIC INTERNATIONAL CORP,Financials
ORLY,OREILLY AUTOMOTIVE INC,Consumer Discretionary
OSK,OSHKOSH CORP,Industrials
OTIS,OTIS WORLDWIDE CORP,Industrials
OVV,OVINTIV INC,Energy
OWL,BLUE OWL CAPITAL INC CLASS A,Financials
OXY,OCCIDENTAL PETROLEUM CORP,Energy
OZK,BANK OZK,Financials
P,EVERPURE INC CLASS A,Information Technology
PAG,PENSKE AUTOMOTIVE GROUP VOTING INC,Consumer Discretionary
PANW,PALO ALTO NETWORKS INC,Information Technology
PATH,UIPATH INC CLASS A,Information Technology
PAYC,PAYCOM SOFTWARE INC,Industrials
PAYX,PAYCHEX INC,Industrials
PB,PROSPERITY BANCSHARES INC,Financials
PCAR,PACCAR INC,Industrials
PCG,PG&E CORP,Utilities
PCOR,PROCORE TECHNOLOGIES INC,Information Technology
PCTY,PAYLOCITY HOLDING CORP,Industrials
PEG,PUBLIC SERVICE ENTERPRISE GROUP IN,Utilities
PEGA,PEGASYSTEMS INC,Information Technology
PEN,PENUMBRA INC,Health Care
PENN,PENN ENTERTAINMENT INC,Consumer Discretionary
PEP,PEPSICO INC,Consumer Staples
PFE,PFIZER INC,Health Care
PFG,PRINCIPAL FINANCIAL GROUP INC,Financials
PFGC,PERFORMANCE FOOD GROUP,Consumer Staples
PG,PROCTER & GAMBLE,Consumer Staples
PGR,PROGRESSIVE CORP,Financials
PH,PARKER-HANNIFIN CORP,Industrials
PHM,PULTEGROUP INC,Consumer Discretionary
PINS,PINTEREST INC CLASS A,Communication
PK,PARK HOTELS RESORTS INC,Real Estate
PKG,PACKAGING CORP OF AMERICA,Materials
PLD,PROLOGIS REIT INC,Real Estate
PLNT,PLANET FITNESS INC CLASS A,Consumer Discretionary
PLTR,PALANTIR TECHNOLOGIES INC CLASS A,Information Technology
PM,PHILIP MORRIS INTERNATIONAL INC,Consumer Staples
PNC,PNC FINANCIAL SERVICES GROUP INC,Financials
PNFP,PINNACLE FINANCIAL PARTNERS INC,Financials
PNR,PENTAIR,Industrials
PNW,PINNACLE WEST CORP,Utilities
PODD,INSULET CORP,Health Care
POOL,POOL CORP,Consumer Discretionary
POST,POST HOLDINGS INC,Consumer Staples
PPC,PILGRIMS PRIDE CORP,Consumer Staples
PPG,PPG INDUSTRIES INC,Materials
PPL,PPL CORP,Utilities
PPLI,PEOPLE,Communication
PR,PERMIAN RESOURCES CORP CLASS A,Energy
PRGO,PERRIGO PLC,Health Care
PRI,PRIMERICA INC,Financials
PRMB,PRIMO BRANDS CLASS A CORP,Consumer Staples
PRU,PRUDENTIAL FINANCIAL INC,Financials
PSA,PUBLIC STORAGE REIT,Real Estate
PSN,PARSONS CORP,Industrials
PSX,PHILLIPS 66,Energy
PTC,PTC INC,Information Technology
PVH,PVH CORP,Consumer Discretionary
PWR,QUANTA SERVICES INC,Industrials
PYPL,PAYPAL HOLDINGS INC,Financials
Q,QNITY ELECTRONICS INC,Information Technology
QCOM,QUALCOMM INC,Information Technology
QGEN,QIAGEN NV,Health Care
QRVO,QORVO INC,Information Technology
QS,QUANTUMSCAPE CORP CLASS A,Consumer Discretionary
QSR,RESTAURANTS BRANDS INTERNATIONAL I,Consumer Discretionary
QXO,QXO INC,Industrials
R,RYDER SYSTEM INC,Industrials
RAL,RALLIANT CORP,Information Technology
RARE,ULTRAGENYX PHARMACEUTICAL INC,Health Care
RBA,RB GLOBAL INC,Industrials
RBC,RBC BEARINGS INC,Industrials
RBLX,ROBLOX CORP CLASS A,Communication
RBRK,RUBRIK INC CLASS A,Information Technology
RCL,ROYAL CARIBBEAN GROUP LTD,Consumer Discretionary
RDDT,REDDIT INC CLASS A,Communication
REG,REGENCY CENTERS REIT CORP,Real Estate
REGN,REGENERON PHARMACEUTICALS INC,Health Care
REXR,REXFORD INDUSTRIAL REALTY REIT INC,Real Estate
REYN,REYNOLDS CONSUMER PRODUCTS INC,Consumer Staples
RF,REGIONS FINANCIAL CORP,Financials
RGA,REINSURANCE GROUP OF AMERICA INC,Financials
RGEN,REPLIGEN CORP,Health Care
RGLD,ROYAL GOLD INC,Materials
RH,RH,Consumer Discretionary
RHI,ROBERT HALF,Industrials
RITM,RITHM CAPITAL CORP,Financials
RIVN,RIVIAN AUTOMOTIVE INC CLASS A,Consumer Discretionary
RJF,RAYMOND JAMES INC,Financials
RKLB,ROCKET LAB CORP,Industrials
RKT,ROCKET COMPANIES INC CLASS A,Financials
RL,RALPH LAUREN CORP CLASS A,Consumer Discretionary
RLI,RLI CORP,Financials
RMD,RESMED INC,Health Care
RNG,RINGCENTRAL INC CLASS A,Information Technology
RNR,RENAISSANCERE HOLDING LTD,Financials
ROIV,ROIVANT SCIENCES LTD,Health Care
ROK,ROCKWELL AUTOMATION INC,Industrials
ROKU,ROKU INC CLASS A,Communication
ROL,ROLLINS INC,Industrials
ROP,ROPER TECHNOLOGIES INC,Information Technology
ROST,ROSS STORES INC,Consumer Discretionary
RPM,RPM INTERNATIONAL INC,Materials
RPRX,ROYALTY PHARMA PLC CLASS A,Health Care
RRC,RANGE RESOURCES CORP,Energy
RRX,REGAL REXNORD CORP,Industrials
RS,RELIANCE STEEL & ALUMINUM,Materials
RSG,REPUBLIC SERVICES INC,Industrials
RTX,RTX CORP,Industrials
RVMD,REVOLUTION MEDICINES INC,Health Care
RVTY,REVVITY INC,Health Care
RYAN,RYAN SPECIALTY HOLDINGS INC CLASS,Financials
RYN,RAYONIER REIT INC,Real Estate
S,SENTINELONE INC CLASS A,Information Technology
SAIA,SAIA INC,Industrials
SAIC,SCIENCE APPLICATIONS INTERNATIONAL,Industrials
SAIL,SAILPOINT INC,Information Technology
SAM,BOSTON BEER INC CLASS A,Consumer Staples
SARO,STANDARDAERO,Industrials
SBAC,SBA COMMUNICATIONS REIT CORP CLASS,Real Estate
SBUX,STARBUCKS CORP,Consumer Discretionary
SCCO,SOUTHERN COPPER CORP,Materials
SCHW,CHARLES SCHWAB CORP,Financials
SCI,SERVICE,Consumer Discretionary
SEB,SEABOARD CORP,Consumer Staples
SEIC,SEI INVESTMENTS,Financials
SF,STIFEL FINANCIAL CORP,Financials
SFD,SMITHFIELD FOODS INC,Consumer Staples
SFM,SPROUTS FARMERS MARKET INC,Consumer Staples
SGI,SOMNIGROUP INTERNATIONAL INC,Consumer Discretionary
SHC,SOTERA HEALTH COMPANY,Health Care
SHW,SHERWIN WILLIAMS,Materials
SIRI,SIRIUSXM HOLDINGS INC,Communication
SITE,SITEONE LANDSCAPE SUPPLY INC,Industrials
SJM,JM SMUCKER,Consumer Staples
SLB,SLB NV,Energy
SLGN,SILGAN HOLDINGS INC,Materials
SLM,SLM CORP,Financials
SMCI,SUPER MICRO COMPUTER INC,Information Technology
SMG,SCOTTS MIRACLE GRO,Materials
SMMT,SUMMIT THERAPEUTICS INC,Health Care
SN,SHARKNINJA INC,Consumer Discretionary
SNA,SNAP ON INC,Industrials
SNDK,SANDISK CORP,Information Technology
SNDR,SCHNEIDER NATIONAL INC CLASS B,Industrials
SNOW,SNOWFLAKE INC,Information Technology
SNPS,SYNOPSYS INC,Information Technology
SNX,TD SYNNEX CORP,Information Technology
SO,SOUTHERN,Utilities
SOFI,SOFI TECHNOLOGIES INC,Financials
SOLS,SOLSTICE ADVANCED MATERIALS INC,Materials
SOLV,SOLVENTUM CORP,Health Care
SON,SONOCO PRODUCTS,Materials
SPG,SIMON PROPERTY GROUP REIT INC,Real Estate
SPGI,S&P GLOBAL INC,Financials
SPOT,SPOTIFY TECHNOLOGY SA,Communication
SRE,SEMPRA,Utilities
SRPT,SAREPTA THERAPEUTICS INC,Health Care
SSB,SOUTHSTATE BANK CORP,Financials
SSD,SIMPSON MANUFACTURING INC,Industrials
SSNC,SS AND C TECHNOLOGIES HOLDINGS INC,Industrials
ST,SENSATA TECHNOLOGIES HOLDING PLC,Industrials
STAG,STAG INDUSTRIAL REIT INC,Real Estate
STE,STERIS,Health Care
STLD,STEEL DYNAMICS INC,Materials
STT,STATE STREET CORP,Financials
STWD,STARWOOD PROPERTY TRUST REIT INC,Financials
STZ,CONSTELLATION BRANDS INC CLASS A,Consumer Staples
SUI,SUN COMMUNITIES REIT INC,Real Estate
SW,SMURFIT WESTROCK PLC,Materials
SWK,STANLEY BLACK & DECKER INC,Industrials
SWKS,SKYWORKS SOLUTIONS INC,Information Technology
SYF,SYNCHRONY FINANCIAL,Financials
SYK,STRYKER CORP,Health Care
SYY,SYSCO CORP,Consumer Staples
T,AT&T INC,Communication
TAP,MOLSON COORS BREWING CLASS B,Consumer Staples
TDC,TERADATA CORP,Information Technology
TDG,TRANSDIGM GROUP INC,Industrials
TDY,TELEDYNE TECHNOLOGIES INC,Information Technology
TEAM,ATLASSIAN CORP CLASS A,Information Technology
TECH,BIO TECHNE CORP,Health Care
TEM,TEMPUS AI INC CLASS A,Health Care
TER,TERADYNE INC,Information Technology
TFC,TRUIST FINANCIAL CORP,Financials
TFSL,TFS FINANCIAL CORP,Financials
TFX,TELEFLEX INC,Health Care
TGT,TARGET CORP,Consumer Staples
THC,TENET HEALTHCARE CORP,Health Care
THG,HANOVER INSURANCE GROUP INC,Financials
THO,THOR INDUSTRIES INC,Consumer Discretionary
TIGO,MILLICOM INTERNATIONAL CELLULAR SA,Communication
TJX,TJX INC,Consumer Discretionary
TKO,TKO GROUP HOLDINGS INC CLASS A,Communication
TKR,TIMKEN,Industrials
TLN,TALEN ENERGY CORP,Utilities
TMO,THERMO FISHER SCIENTIFIC INC,Health Care
TMUS,T MOBILE US INC,Communication
TNL,TRAVEL LEISURE,Consumer Discretionary
TOL,TOLL BROTHERS INC,Consumer Discretionary
TOST,TOAST INC CLASS A,Financials
TPG,TPG INC CLASS A,Financials
TPL,TEXAS PACIFIC LAND CORP,Energy
TPR,TAPESTRY INC,Consumer Discretionary
TREX,TREX INC,Industrials
TRGP,TARGA RESOURCES CORP,Energy
TRMB,TRIMBLE INC,Information Technology
TROW,T ROWE PRICE GROUP INC,Financials
TRU,TRANSUNION,Industrials
TRV,TRAVELERS COMPANIES INC,Financials
TSCO,TRACTOR SUPPLY,Consumer Discretionary
TSLA,TESLA INC,Consumer Discretionary
TSN,TYSON FOODS INC CLASS A,Consumer Staples
TT,TRANE TECHNOLOGIES PLC,Industrials
TTC,TORO,Industrials
TTD,TRADE DESK INC CLASS A,Communication
TTEK,TETRA TECH INC,Industrials
TTWO,TAKE TWO INTERACTIVE SOFTWARE INC,Communication
TW,TRADEWEB MARKETS INC CLASS A,Financials
TWLO,TWILIO INC CLASS A,Information Technology
TXN,TEXAS INSTRUMENT INC,Information Technology
TXRH,TEXAS ROADHOUSE INC,Consumer Discretionary
TXT,TEXTRON INC,Industrials
TYL,TYLER TECHNOLOGIES INC,Information Technology
U,UNITY SOFTWARE INC,Information Technology
UA,UNDER ARMOUR INC CLASS C,Consumer Discretionary
UAA,UNDER ARMOUR INC CLASS A,Consumer Discretionary
UAL,UNITED AIRLINES HOLDINGS INC,Industrials
UBER,UBER TECHNOLOGIES INC,Industrials
UDR,UDR REIT INC,Real Estate
UGI,UGI CORP,Utilities
UHAL,U HAUL HOLDING,Industrials
UHAL_B,U HAUL NON VOTING SERIES N,Industrials
UHS,UNIVERSAL HEALTH SERVICES INC CLAS,Health Care
UI,UBIQUITI INC,Information Technology
ULTA,ULTA BEAUTY INC,Consumer Discretionary
UNH,UNITEDHEALTH GROUP INC,Health Care
UNM,UNUM,Financials
UNP,UNION PACIFIC CORP,Industrials
UPS,UNITED PARCEL SERVICE INC CLASS B,Industrials
URI,UNITED RENTALS INC,Industrials
USB,US BANCORP,Financials
USFD,US FOODS HOLDING CORP,Consumer Staples
UTHR,UNITED THERAPEUTICS CORP,Health Care
UWMC,UWM HOLDINGS CORP CLASS A,Financials
V,VISA INC CLASS A,Financials
VEEV,VEEVA SYSTEMS INC CLASS A,Health Care
VFC,VF CORP,Consumer Discretionary
VGNT,VERSIGENT PLC,Consumer Discretionary
VICI,VICI PPTYS INC,Real Estate
VIK,VIKING HOLDINGS,Consumer Discretionary
VIRT,VIRTU FINANCIAL INC CLASS A,Financials
VKTX,VIKING THERAPEUTICS INC,Health Care
VLO,VALERO ENERGY CORP,Energy
VLTO,VERALTO CORP,Industrials
VMC,VULCAN MATERIALS,Materials
VMI,VALMONT INDS INC,Industrials
VNO,VORNADO REALTY TRUST REIT,Real Estate
VNOM,VIPER ENERGY INC CLASS A,Energy
VNT,VONTIER CORP,Information Technology
VOYA,VOYA FINANCIAL INC,Financials
VRSK,VERISK ANALYTICS INC,Industrials
VRSN,VERISIGN INC,Information Technology
VRT,VERTIV HOLDINGS CLASS A,Industrials
VRTX,VERTEX PHARMACEUTICALS INC,Health Care
VSNT,VERSANT MEDIA GROUP INC,Communication
VST,VISTRA CORP,Utilities
VTR,VENTAS REIT INC,Real Estate
VTRS,VIATRIS INC,Health Care
VVV,VALVOLINE INC,Consumer Discretionary
VZ,VERIZON COMMUNICATIONS INC,Communication
W,WAYFAIR INC CLASS A,Consumer Discretionary
WAB,WESTINGHOUSE AIR BRAKE TECHNOLOGIE,Industrials
WAL,WESTERN ALLIANCE,Financials
WAT,WATERS CORP,Health Care
WBD,WARNER BROS. DISCOVERY INC SERIES,Communication
WBS,WEBSTER FINANCIAL CORP,Financials
WCC,WESCO INTERNATIONAL INC,Industrials
WDAY,WORKDAY INC CLASS A,Information Technology
WDC,WESTERN DIGITAL CORP,Information Technology
WEC,WEC ENERGY GROUP INC,Utilities
WELL,WELLTOWER INC,Real Estate
WEN,WENDYS,Consumer Discretionary
WEX,WEX INC,Financials
WFC,WELLS FARGO,Financials
WFRD,WEATHERFORD INTERNATIONAL PLC,Energy
WH,WYNDHAM HOTELS RESORTS INC,Consumer Discretionary
WHR,WHIRLPOOL CORP,Consumer Discretionary
WING,WINGSTOP INC,Consumer Discretionary
WLK,WESTLAKE CORP,Materials
WM,WASTE MANAGEMENT INC,Industrials
WMB,WILLIAMS INC,Energy
WMS,ADVANCED DRAINAGE SYSTEMS INC,Industrials
WMT,WALMART INC,Consumer Staples
WPC,W. P. CAREY REIT INC,Real Estate
WRB,WR BERKLEY CORP,Financials
WSC,WILLSCOT HOLDINGS CORP CLASS A,Industrials
WSM,WILLIAMS SONOMA INC,Consumer Discretionary
WSO,WATSCO INC,Industrials
WST,WEST PHARMACEUTICAL SERVICES INC,Health Care
WTFC,WINTRUST FINANCIAL CORP,Financials
WTM,WHITE MOUNTAINS INSURANCE GROUP LT,Financials
WTRG,ESSENTIAL UTILITIES INC,Utilities
WTW,WILLIS TOWERS WATSON PLC,Financials
WU,WESTERN UNION,Financials
WWD,WOODWARD INC,Industrials
WY,WEYERHAEUSER REIT,Real Estate
WYNN,WYNN RESORTS LTD,Consumer Discretionary
XEL,XCEL ENERGY INC,Utilities
XOM,EXXON MOBIL CORP,Energy
XP,XP CLASS A INC,Financials
XPO,XPO INC,Industrials
XRAY,DENTSPLY SIRONA INC,Health Care
XYL,XYLEM INC,Industrials
XYZ,BLOCK INC CLASS A,Financials
YETI,YETI HOLDINGS INC,Consumer Discretionary
YUM,YUM BRANDS INC,Consumer Discretionary
Z,ZILLOW GROUP INC CLASS C,Real Estate
ZBH,ZIMMER BIOMET HOLDINGS INC,Health Care
ZBRA,ZEBRA TECHNOLOGIES CORP CLASS A,Information Technology
ZG,ZILLOW GROUP INC CLASS A,Real Estate
ZION,ZIONS BANCORPORATION,Financials
ZM,ZOOM COMMUNICATIONS INC CLASS A,Information Technology
ZS,ZSCALER INC,Information Technology
ZTS,ZOETIS INC CLASS A,Health Care
